{
  "heat_stress_label": {
    "gat": {
      "accuracy": 0.9336575199722126,
      "f1_weighted": 0.9336264965594444,
      "f1_macro": 0.9314593053852845,
      "roc_auc": 0.9895991764535805,
      "cv_mean": 0.9306565407019898,
      "cv_std": 0.00971764169574634,
      "thresholds": [
        0.2,
        0.5999999999999999,
        0.20000000000000018
      ],
      "per_class": {
        "Normal": {
          "precision": 0.8864864864864865,
          "recall": 0.967551622418879,
          "f1": 0.92524682651622
        },
        "Moderate": {
          "precision": 0.9358552631578947,
          "recall": 0.9096722621902478,
          "f1": 0.9225780299959465
        },
        "High": {
          "precision": 0.9450889404485692,
          "recall": 0.948021722265322,
          "f1": 0.9465530596436871
        }
      }
    }
  },
  "dehydration_label": {
    "gat": {
      "accuracy": 0.9704758596734977,
      "f1_weighted": 0.9707643456532637,
      "f1_macro": 0.9279337938573435,
      "roc_auc": 0.9929110225189179,
      "cv_mean": 0.9652602621219387,
      "cv_std": 0.02054711836866254,
      "thresholds": [
        0.7999999999999998,
        0.20000000000000018
      ],
      "per_class": {
        "Normal": {
          "precision": 0.8533724340175953,
          "recall": 0.8926380368098159,
          "f1": 0.8725637181409296
        },
        "Moderate": {
          "precision": 0.9862096138691884,
          "recall": 0.9804151978065021,
          "f1": 0.9833038695737576
        }
      }
    }
  }
}