{
  "heat_stress_label": {
    "custom_nn": {
      "accuracy": 0.9575898629428498,
      "f1_weighted": 0.957295748966161,
      "f1_macro": 0.9572957489661609,
      "roc_auc": 0.995000263814501,
      "cv_mean": 0.95856596821019,
      "cv_std": 0.003298972390280972,
      "thresholds": [
        0.5499999999999999,
        0.3,
        0.15000000000000008
      ],
      "per_class": {
        "Normal": {
          "precision": 0.9739663093415007,
          "recall": 0.9868114817688131,
          "f1": 0.9803468208092485
        },
        "Moderate": {
          "precision": 0.9660314830157415,
          "recall": 0.9045771916214119,
          "f1": 0.9342948717948718
        },
        "High": {
          "precision": 0.9342688330871491,
          "recall": 0.9813809154383243,
          "f1": 0.9572455542943624
        }
      }
    }
  },
  "dehydration_label": {
    "custom_nn": {
      "accuracy": 0.9632905793896506,
      "f1_weighted": 0.9633932309502535,
      "f1_macro": 0.963390597203387,
      "roc_auc": 0.9972821802845713,
      "cv_mean": 0.9653660772799324,
      "cv_std": 0.0022474768710040527,
      "thresholds": [
        0.25,
        0.2,
        0.55
      ],
      "per_class": {
        "Normal": {
          "precision": 0.9738780977896851,
          "recall": 0.9648307896483079,
          "f1": 0.9693333333333334
        },
        "Moderate": {
          "precision": 0.9351070733290071,
          "recall": 0.9562043795620438,
          "f1": 0.9455380577427821
        },
        "High": {
          "precision": 0.9818548387096774,
          "recall": 0.9688328912466844,
          "f1": 0.9753004005340454
        }
      }
    }
  }
}