{
  "heat_stress_label": {
    "custom_nn": {
      "accuracy": 0.9575898629428498,
      "f1_weighted": 0.957295748966161,
      "f1_macro": 0.9572957489661609,
      "roc_auc": 0.995000263814501,
      "cv_mean": 0.95856596821019,
      "cv_std": 0.003298972390280972,
      "thresholds": [
        0.5499999999999999,
        0.3,
        0.15000000000000008
      ],
      "per_class": {
        "Normal": {
          "precision": 0.9739663093415007,
          "recall": 0.9868114817688131,
          "f1": 0.9803468208092485
        },
        "Moderate": {
          "precision": 0.9660314830157415,
          "recall": 0.9045771916214119,
          "f1": 0.9342948717948718
        },
        "High": {
          "precision": 0.9342688330871491,
          "recall": 0.9813809154383243,
          "f1": 0.9572455542943624
        }
      }
    },
    "random_forest": {
      "accuracy": 0.9945694336695112,
      "f1_weighted": 0.9945745529441765,
      "f1_macro": 0.9945745529441766,
      "roc_auc": 0.9999258209796927,
      "cv_mean": 0.9967410983221072,
      "cv_std": 0.0005574529042792039,
      "thresholds": [
        0.44999999999999996,
        0.2,
        0.35000000000000003
      ],
      "per_class": {
        "Normal": {
          "precision": 1.0,
          "recall": 0.9968968192397207,
          "f1": 0.9984459984459985
        },
        "Moderate": {
          "precision": 0.9869431643625192,
          "recall": 0.9968968192397207,
          "f1": 0.9918950212273253
        },
        "High": {
          "precision": 0.996875,
          "recall": 0.9899146625290923,
          "f1": 0.9933826391592059
        }
      }
    },
    "gradient_boost": {
      "accuracy": 0.9968968192397207,
      "f1_weighted": 0.996896811769004,
      "f1_macro": 0.9968968117690039,
      "roc_auc": 0.9999490426743527,
      "cv_mean": 0.9974136548247865,
      "cv_std": 0.0004905079631980825,
      "thresholds": [
        0.2,
        0.49999999999999994,
        0.3000000000000001
      ],
      "per_class": {
        "Normal": {
          "precision": 1.0,
          "recall": 1.0,
          "f1": 1.0
        },
        "Moderate": {
          "precision": 0.9938128383604021,
          "recall": 0.9968968192397207,
          "f1": 0.9953524399690162
        },
        "High": {
          "precision": 0.9968871595330739,
          "recall": 0.9937936384794415,
          "f1": 0.9953379953379954
        }
      }
    },
    "svm": {
      "accuracy": 0.9720713731574864,
      "f1_weighted": 0.971991939349665,
      "f1_macro": 0.9719919393496649,
      "roc_auc": 0.9985334722422006,
      "cv_mean": 0.9709288311258824,
      "cv_std": 0.0020757103676953396,
      "thresholds": [
        0.5499999999999999,
        0.35,
        0.10000000000000009
      ],
      "per_class": {
        "Normal": {
          "precision": 0.9884080370942813,
          "recall": 0.9922420480993018,
          "f1": 0.9903213317847465
        },
        "Moderate": {
          "precision": 0.9750603378921963,
          "recall": 0.9402637703646237,
          "f1": 0.957345971563981
        },
        "High": {
          "precision": 0.9533834586466166,
          "recall": 0.9837083010085338,
          "f1": 0.9683085147002672
        }
      }
    },
    "logistic_reg": {
      "accuracy": 0.9428497543315232,
      "f1_weighted": 0.9424350634541467,
      "f1_macro": 0.9424350634541468,
      "roc_auc": 0.9928994778479077,
      "cv_mean": 0.9389609053539232,
      "cv_std": 0.0037827227660685004,
      "thresholds": [
        0.3,
        0.39999999999999997,
        0.3
      ],
      "per_class": {
        "Normal": {
          "precision": 0.9421793921423276,
          "recall": 0.9860356865787432,
          "f1": 0.9636087945413192
        },
        "Moderate": {
          "precision": 0.935562805872757,
          "recall": 0.8898370830100854,
          "f1": 0.9121272365805169
        },
        "High": {
          "precision": 0.9504643962848297,
          "recall": 0.9526764934057409,
          "f1": 0.9515691592406044
        }
      }
    }
  },
  "dehydration_label": {
    "custom_nn": {
      "accuracy": 0.9632905793896506,
      "f1_weighted": 0.9633932309502535,
      "f1_macro": 0.963390597203387,
      "roc_auc": 0.9972821802845713,
      "cv_mean": 0.9653660772799324,
      "cv_std": 0.0022474768710040527,
      "thresholds": [
        0.25,
        0.2,
        0.55
      ],
      "per_class": {
        "Normal": {
          "precision": 0.9738780977896851,
          "recall": 0.9648307896483079,
          "f1": 0.9693333333333334
        },
        "Moderate": {
          "precision": 0.9351070733290071,
          "recall": 0.9562043795620438,
          "f1": 0.9455380577427821
        },
        "High": {
          "precision": 0.9818548387096774,
          "recall": 0.9688328912466844,
          "f1": 0.9753004005340454
        }
      }
    },
    "random_forest": {
      "accuracy": 0.9931446262715613,
      "f1_weighted": 0.9931405872715101,
      "f1_macro": 0.9931411821585282,
      "roc_auc": 0.9998683225416274,
      "cv_mean": 0.9937633223931839,
      "cv_std": 0.0009210979089642037,
      "thresholds": [
        0.25,
        0.39999999999999997,
        0.35000000000000003
      ],
      "per_class": {
        "Normal": {
          "precision": 0.998674618952949,
          "recall": 1.0,
          "f1": 0.9993368700265252
        },
        "Moderate": {
          "precision": 0.9973045822102425,
          "recall": 0.9820836098208361,
          "f1": 0.9896355733868272
        },
        "High": {
          "precision": 0.9836494440810988,
          "recall": 0.9973474801061007,
          "f1": 0.9904511030622325
        }
      }
    },
    "gradient_boost": {
      "accuracy": 0.9938080495356038,
      "f1_weighted": 0.9938047661573538,
      "f1_macro": 0.9938052925816065,
      "roc_auc": 0.9999424139963842,
      "cv_mean": 0.9962845362361759,
      "cv_std": 0.000405070170260726,
      "thresholds": [
        0.2,
        0.49999999999999994,
        0.3000000000000001
      ],
      "per_class": {
        "Normal": {
          "precision": 0.998674618952949,
          "recall": 1.0,
          "f1": 0.9993368700265252
        },
        "Moderate": {
          "precision": 0.9966420416386836,
          "recall": 0.9847378898473789,
          "f1": 0.9906542056074766
        },
        "High": {
          "precision": 0.9862204724409449,
          "recall": 0.996684350132626,
          "f1": 0.991424802110818
        }
      }
    },
    "svm": {
      "accuracy": 0.9747899159663865,
      "f1_weighted": 0.9747565109197422,
      "f1_macro": 0.9747537846856676,
      "roc_auc": 0.9989438516995192,
      "cv_mean": 0.9778396085846766,
      "cv_std": 0.002029799227485524,
      "thresholds": [
        0.2,
        0.35,
        0.45000000000000007
      ],
      "per_class": {
        "Normal": {
          "precision": 0.9698162729658792,
          "recall": 0.9807564698075647,
          "f1": 0.9752556911910261
        },
        "Moderate": {
          "precision": 0.968392737054472,
          "recall": 0.9555408095554081,
          "f1": 0.9619238476953907
        },
        "High": {
          "precision": 0.986101919258769,
          "recall": 0.9880636604774535,
          "f1": 0.9870818151705862
        }
      }
    },
    "logistic_reg": {
      "accuracy": 0.9051304732419283,
      "f1_weighted": 0.9052615702451721,
      "f1_macro": 0.9052437014238092,
      "roc_auc": 0.9838841751687974,
      "cv_mean": 0.9009641966659887,
      "cv_std": 0.0015001414294789693,
      "thresholds": [
        0.35,
        0.25,
        0.4
      ],
      "per_class": {
        "Normal": {
          "precision": 0.8994293865905849,
          "recall": 0.8367617783676178,
          "f1": 0.8669645926435201
        },
        "Moderate": {
          "precision": 0.8331273176761433,
          "recall": 0.8944923689449237,